<?xml version="1.0" encoding="UTF-8"?>
<GenRun Id="impl_1" LaunchPart="xc7a35ticpg236-1L" LaunchTime="1695755959">
  <File Type="ROUTE-PWR" Name="final_power_routed.rpt"/>
  <File Type="PA-TCL" Name="final.tcl"/>
  <File Type="ROUTE-PWR-SUM" Name="final_power_summary_routed.pb"/>
  <File Type="REPORTS-TCL" Name="final_reports.tcl"/>
  <File Type="BITSTR-MSK" Name="final.msk"/>
  <File Type="ROUTE-CLK" Name="final_clock_utilization_routed.rpt"/>
  <File Type="RDI-RDI" Name="final.vdi"/>
  <File Type="POSTROUTE-PHYSOPT-BUS-SKEW-PB" Name="final_bus_skew_postroute_physopted.pb"/>
  <File Type="BG-BIT" Name="final.bit"/>
  <File Type="BG-DRC" Name="final.drc"/>
  <File Type="BG-BGN" Name="final.bgn"/>
  <File Type="BG-BIN" Name="final.bin"/>
  <File Type="BITSTR-RBT" Name="final.rbt"/>
  <File Type="BITSTR-NKY" Name="final.nky"/>
  <File Type="BITSTR-BMM" Name="final_bd.bmm"/>
  <File Type="BITSTR-MMI" Name="final.mmi"/>
  <File Type="ROUTE-METHODOLOGY-DRC" Name="final_methodology_drc_routed.rpt"/>
  <File Type="BITSTR-SYSDEF" Name="final.sysdef"/>
  <File Type="BITSTR-LTX" Name="debug_nets.ltx"/>
  <File Type="BITSTR-LTX" Name="final.ltx"/>
  <File Type="WBT-USG" Name="usage_statistics_webtalk.html"/>
  <File Type="OPT-DRC" Name="final_drc_opted.rpt"/>
  <File Type="OPT-HWDEF" Name="final.hwdef"/>
  <File Type="PLACE-IO" Name="final_io_placed.rpt"/>
  <File Type="PLACE-UTIL" Name="final_utilization_placed.rpt"/>
  <File Type="PLACE-UTIL-PB" Name="final_utilization_placed.pb"/>
  <File Type="PLACE-CTRL" Name="final_control_sets_placed.rpt"/>
  <File Type="PLACE-PRE-SIMILARITY" Name="final_incremental_reuse_pre_placed.rpt"/>
  <File Type="ROUTE-DRC" Name="final_drc_routed.rpt"/>
  <File Type="ROUTE-DRC-PB" Name="final_drc_routed.pb"/>
  <File Type="ROUTE-PWR-RPX" Name="final_power_routed.rpx"/>
  <File Type="ROUTE-STATUS" Name="final_route_status.rpt"/>
  <File Type="ROUTE-STATUS-PB" Name="final_route_status.pb"/>
  <File Type="ROUTE-DCP" Name="final_routed.dcp"/>
  <File Type="ROUTE-ERROR-DCP" Name="final_routed_error.dcp"/>
  <File Type="ROUTE-BLACKBOX-DCP" Name="final_routed_bb.dcp"/>
  <File Type="ROUTE-TIMINGSUMMARY" Name="final_timing_summary_routed.rpt"/>
  <File Type="ROUTE-TIMING-PB" Name="final_timing_summary_routed.pb"/>
  <File Type="ROUTE-TIMING-RPX" Name="final_timing_summary_routed.rpx"/>
  <File Type="ROUTE-SIMILARITY" Name="final_incremental_reuse_routed.rpt"/>
  <File Type="ROUTE-BUS-SKEW" Name="final_bus_skew_routed.rpt"/>
  <File Type="ROUTE-BUS-SKEW-PB" Name="final_bus_skew_routed.pb"/>
  <File Type="ROUTE-BUS-SKEW-RPX" Name="final_bus_skew_routed.rpx"/>
  <File Type="OPT-DCP" Name="final_opt.dcp"/>
  <File Type="PLACE-DCP" Name="final_placed.dcp"/>
  <File Type="PWROPT-DCP" Name="final_pwropt.dcp"/>
  <File Type="POSTPLACE-PWROPT-DCP" Name="final_postplace_pwropt.dcp"/>
  <File Type="PHYSOPT-DCP" Name="final_physopt.dcp"/>
  <File Type="POSTROUTE-PHYSOPT-DCP" Name="final_postroute_physopt.dcp"/>
  <File Type="POSTROUTE-PHYSOPT-BLACKBOX-DCP" Name="final_postroute_physopt_bb.dcp"/>
  <File Type="POSTROUTE-PHYSOPT-TIMING" Name="final_timing_summary_postroute_physopted.rpt"/>
  <File Type="POSTROUTE-PHYSOPT-TIMING-PB" Name="final_timing_summary_postroute_physopted.pb"/>
  <File Type="POSTROUTE-PHYSOPT-TIMING-RPX" Name="final_timing_summary_postroute_physopted.rpx"/>
  <File Type="POSTROUTE-PHYSOPT-BUS-SKEW" Name="final_bus_skew_postroute_physopted.rpt"/>
  <File Type="POSTROUTE-PHYSOPT-BUS-SKEW-RPX" Name="final_bus_skew_postroute_physopted.rpx"/>
  <File Type="ROUTE-METHODOLOGY-DRC-PB" Name="final_methodology_drc_routed.pb"/>
  <File Type="ROUTE-DRC-RPX" Name="final_drc_routed.rpx"/>
  <File Type="ROUTE-METHODOLOGY-DRC-RPX" Name="final_methodology_drc_routed.rpx"/>
  <File Type="PDI-FILE" Name="final.pdi"/>
  <File Type="BOOT-PDI-FILE" Name="final_soc.pdi"/>
  <File Type="PL-PDI-FILE" Name="final_pld.pdi"/>
  <File Type="RCFI_FILE" Name="final.rcfi"/>
  <File Type="CFI_FILE" Name="final.cfi"/>
  <File Type="RNPI_FILE" Name="final.rnpi"/>
  <File Type="NPI_FILE" Name="final.npi"/>
  <File Type="RBD_FILE" Name="final.rbd"/>
  <File Type="ROUTE-RQS" Name="final_routed.rqs"/>
  <File Type="POSTROUTE-PHYSOPT-RQS" Name="final_postroute_physopted.rqs"/>
  <File Type="ROUTE-RQS-RPT" Name="route_report_qor_suggestions_0.rpt"/>
  <File Type="POSTROUTE-PHYSOPT-RQS-RPT" Name="postroute_physopt_report_qor_suggestions_0.rpt"/>
  <FileSet Name="sources" Type="DesignSrcs" RelSrcDir="$PSRCDIR/sources_1" RelGenDir="$PGENDIR/sources_1">
    <Filter Type="Srcs"/>
    <File Path="$PSRCDIR/sources_1/new/four_bit_adder.v">
      <FileInfo>
        <Attr Name="ImportPath" Val="$PPRDIR/../../../../../../../../Users/jwg424/4_bit_adder/4_bit_adder.srcs/sources_1/new/four_bit_adder.v"/>
        <Attr Name="ImportTime" Val="1695753183"/>
        <Attr Name="UsedIn" Val="synthesis"/>
        <Attr Name="UsedIn" Val="implementation"/>
        <Attr Name="UsedIn" Val="simulation"/>
      </FileInfo>
    </File>
    <File Path="$PSRCDIR/sources_1/new/one_bit_adder.v">
      <FileInfo>
        <Attr Name="ImportPath" Val="$PPRDIR/../../../../../../../../Users/jwg424/4_bit_adder/4_bit_adder.srcs/sources_1/new/one_bit_adder.v"/>
        <Attr Name="ImportTime" Val="1695148066"/>
        <Attr Name="UsedIn" Val="synthesis"/>
        <Attr Name="UsedIn" Val="implementation"/>
        <Attr Name="UsedIn" Val="simulation"/>
      </FileInfo>
    </File>
    <File Path="$PSRCDIR/sources_1/new/seven_seg.v">
      <FileInfo>
        <Attr Name="ImportPath" Val="$PPRDIR/../../../../../../../../Users/jwg424/4_bit_adder/4_bit_adder.srcs/sources_1/new/seven_seg.v"/>
        <Attr Name="ImportTime" Val="1695759173"/>
        <Attr Name="UsedIn" Val="synthesis"/>
        <Attr Name="UsedIn" Val="implementation"/>
        <Attr Name="UsedIn" Val="simulation"/>
      </FileInfo>
    </File>
    <File Path="$PSRCDIR/sources_1/new/two_to_one.v">
      <FileInfo>
        <Attr Name="ImportPath" Val="$PPRDIR/../../../../../../../../Users/jwg424/4_bit_adder/4_bit_adder.srcs/sources_1/new/two_to_one.v"/>
        <Attr Name="ImportTime" Val="1695756782"/>
        <Attr Name="UsedIn" Val="synthesis"/>
        <Attr Name="UsedIn" Val="implementation"/>
        <Attr Name="UsedIn" Val="simulation"/>
      </FileInfo>
    </File>
    <File Path="$PSRCDIR/sources_1/new/final.v">
      <FileInfo>
        <Attr Name="ImportPath" Val="$PPRDIR/../../../../../../../../Users/jwg424/4_bit_adder/4_bit_adder.srcs/sources_1/new/final.v"/>
        <Attr Name="ImportTime" Val="1695758610"/>
        <Attr Name="UsedIn" Val="synthesis"/>
        <Attr Name="UsedIn" Val="implementation"/>
        <Attr Name="UsedIn" Val="simulation"/>
      </FileInfo>
    </File>
    <Config>
      <Option Name="DesignMode" Val="RTL"/>
      <Option Name="TopModule" Val="final"/>
      <Option Name="TopAutoSet" Val="TRUE"/>
    </Config>
  </FileSet>
  <FileSet Name="constrs_in" Type="Constrs" RelSrcDir="$PSRCDIR/constrs_1" RelGenDir="$PGENDIR/constrs_1">
    <Filter Type="Constrs"/>
    <File Path="$PSRCDIR/constrs_1/new/constraints.xdc">
      <FileInfo>
        <Attr Name="ImportPath" Val="$PPRDIR/../../../../../../../../Users/jwg424/4_bit_adder/4_bit_adder.srcs/constrs_1/new/constraints.xdc"/>
        <Attr Name="ImportTime" Val="1695753904"/>
        <Attr Name="UsedIn" Val="synthesis"/>
        <Attr Name="UsedIn" Val="implementation"/>
      </FileInfo>
    </File>
    <Config>
      <Option Name="ConstrsType" Val="XDC"/>
    </Config>
  </FileSet>
  <FileSet Name="utils" Type="Utils" RelSrcDir="$PSRCDIR/utils_1" RelGenDir="$PGENDIR/utils_1">
    <Filter Type="Utils"/>
    <File Path="$PSRCDIR/utils_1/imports/synth_1/one_bit_adder.dcp">
      <FileInfo>
        <Attr Name="ImportPath" Val="$PPRDIR/../../../../../../../../Users/jwg424/4_bit_adder/4_bit_adder.srcs/utils_1/imports/synth_1/one_bit_adder.dcp"/>
        <Attr Name="ImportTime" Val="1695755956"/>
        <Attr Name="UsedIn" Val="synthesis"/>
        <Attr Name="UsedIn" Val="implementation"/>
        <Attr Name="UsedInSteps" Val="synth_1"/>
        <Attr Name="AutoDcp" Val="1"/>
      </FileInfo>
    </File>
    <Config>
      <Option Name="TopAutoSet" Val="TRUE"/>
    </Config>
  </FileSet>
  <Strategy Version="1" Minor="2">
    <StratHandle Name="Vivado Implementation Defaults" Flow="Vivado Implementation 2023"/>
    <Step Id="init_design"/>
    <Step Id="opt_design"/>
    <Step Id="power_opt_design"/>
    <Step Id="place_design"/>
    <Step Id="post_place_power_opt_design"/>
    <Step Id="phys_opt_design"/>
    <Step Id="route_design"/>
    <Step Id="post_route_phys_opt_design"/>
    <Step Id="write_bitstream"/>
    <Step Id="write_device_image"/>
  </Strategy>
</GenRun>
